image,status,error
ima1.jpg,ERROR,name 'plt' is not defined
ima10.jpg,ERROR,name 'plt' is not defined
ima11.jpg,ERROR,name 'plt' is not defined
ima12.jpg,ERROR,name 'plt' is not defined
ima13.jpg,ERROR,name 'plt' is not defined
ima14.jpg,ERROR,name 'plt' is not defined
ima15.jpg,ERROR,name 'plt' is not defined
ima16.jpg,ERROR,name 'plt' is not defined
ima17.jpg,ERROR,name 'plt' is not defined
ima18.jpg,ERROR,name 'plt' is not defined
ima19.jpg,ERROR,name 'plt' is not defined
ima2.jpg,ERROR,name 'plt' is not defined
ima20.jpg,ERROR,name 'plt' is not defined
ima21.jpg,ERROR,name 'plt' is not defined
ima3.jpg,ERROR,name 'plt' is not defined
ima4.jpg,ERROR,name 'plt' is not defined
ima5.jpg,ERROR,name 'plt' is not defined
ima6.jpg,ERROR,name 'plt' is not defined
ima7.jpg,ERROR,name 'plt' is not defined
ima8.jpg,ERROR,name 'plt' is not defined
ima9.jpg,ERROR,name 'plt' is not defined
